a,b,c,d,n
-0.05734221264719963,0.00427479250356555,0.9983454346656799,-0.284152090549469,363.0
-0.057575203478336334,0.002352033741772175,0.9983384013175964,-0.2841498851776123,359.0
-0.057679928839206696,0.003802345599979162,0.998327910900116,-0.284155011177063,361.0
-0.05759529024362564,0.003728588344529271,0.9983330368995667,-0.28416597843170166,363.0
-0.05748617276549339,0.004240306559950113,0.9983372688293457,-0.284148246049881,364.0
-0.05759404972195625,0.003151604672893882,0.9983351230621338,-0.28418996930122375,366.0
-0.057129427790641785,0.003973300568759441,0.9983589053153992,-0.28415101766586304,368.0
-0.05770425871014595,0.003904681885614991,0.9983261227607727,-0.2841637134552002,363.0
-0.05747651681303978,0.0037293038330972195,0.9983398914337158,-0.28415295481681824,363.0
-0.05764583870768547,0.0029036386404186487,0.9983328580856323,-0.28413262963294983,364.0
-0.05753413215279579,0.0023613974917680025,0.9983407258987427,-0.2841586768627167,361.0
-0.057628560811281204,0.003535323776304722,0.9983318448066711,-0.28416600823402405,361.0
-0.0574788898229599,0.004198902752250433,0.9983378648757935,-0.2841534912586212,363.0
-0.05759774520993233,0.003728759940713644,0.9983329176902771,-0.28419339656829834,362.0
-0.05749580264091492,0.003566092113032937,0.9983393549919128,-0.2841639220714569,365.0
-0.0573895201086998,0.0024084574542939663,0.9983489513397217,-0.2841736376285553,366.0
-0.057596612721681595,0.002918243408203125,0.9983356595039368,-0.2841606140136719,368.0
-0.05782123655080795,0.0038747452199459076,0.9983194470405579,-0.28417375683784485,359.0
-0.05769891291856766,0.0032000220380723476,0.9983289241790771,-0.28416213393211365,362.0
-0.057405710220336914,0.003613752080127597,0.9983444213867188,-0.284162312746048,367.0
-0.05502823367714882,0.001987576950341463,0.9984827637672424,-0.28209272027015686,342.0
-0.05516510084271431,0.001662897877395153,0.9984759092330933,-0.28208160400390625,344.0
-0.05514337867498398,0.0026431167498230934,0.9984750151634216,-0.28209635615348816,344.0
-0.055149395018815994,0.0012923922622576356,0.9984772205352783,-0.2820781171321869,344.0
-0.05523761734366417,0.0023195610847324133,0.9984706044197083,-0.2820858657360077,348.0
-0.055163443088531494,0.0016096994513645768,0.9984760284423828,-0.28210240602493286,348.0
-0.0552215576171875,0.002310030395165086,0.9984713792800903,-0.2821008265018463,343.0
-0.055144116282463074,0.0018995695281773806,0.9984765648841858,-0.2820702791213989,343.0
-0.054910216480493546,0.0015436919638887048,0.9984900951385498,-0.2821117639541626,342.0
-0.05537310987710953,0.0019446482183411717,0.9984638094902039,-0.2820899784564972,350.0
-0.05501822009682655,0.0019074758747592568,0.9984834790229797,-0.28209826350212097,343.0
-0.055152229964733124,0.0010612361365929246,0.9984773993492126,-0.2820843756198883,349.0
-0.05499246343970299,0.0017023480031639338,0.9984853267669678,-0.28211191296577454,347.0
-0.05502430349588394,0.0018454920500516891,0.9984833002090454,-0.2820836305618286,341.0
-0.055022552609443665,0.0021175798028707504,0.998482882976532,-0.2821063995361328,346.0
-0.055178139358758926,0.0013550794683396816,0.9984756112098694,-0.28209415078163147,348.0
-0.05512320622801781,0.0016074194572865963,0.9984782338142395,-0.2821104824542999,345.0
-0.05516666918992996,0.0022762338630855083,0.9984745383262634,-0.2821105420589447,345.0
-0.05512133985757828,0.0021775218192487955,0.9984772801399231,-0.2821163535118103,349.0
-0.055126484483480453,0.002114310394972563,0.9984771609306335,-0.2821059226989746,344.0
-0.05563151091337204,0.0005084113217890263,0.9984511733055115,-0.28173011541366577,351.0
-0.055556707084178925,0.0015644405502825975,0.9984542727470398,-0.28173336386680603,345.0
-0.05550134927034378,0.0015098575968295336,0.9984574913978577,-0.2817038297653198,342.0
-0.05557572469115257,0.0018720675725489855,0.9984526634216309,-0.2817244529724121,342.0
-0.055355168879032135,0.0015902124578133225,0.9984654784202576,-0.2817484736442566,344.0
-0.05540379509329796,0.0011502912966534495,0.9984633922576904,-0.2817104458808899,342.0
-0.05548711493611336,0.0014918192755430937,0.9984582662582397,-0.2817074954509735,344.0
-0.0553351528942585,0.0019445429788902402,0.998465895652771,-0.281744122505188,344.0
-0.05546175315976143,0.0017831424484029412,0.9984591603279114,-0.28169751167297363,341.0
-0.05539219081401825,0.0018214937299489975,0.998462975025177,-0.28171682357788086,345.0
-0.0554518923163414,0.0012954442063346505,0.9984605312347412,-0.28172895312309265,341.0
-0.055423930287361145,0.0017127951141446829,0.9984614253044128,-0.2817226052284241,339.0
-0.055480167269706726,0.0014245201600715518,0.9984588027000427,-0.2817232310771942,343.0
-0.05550314486026764,0.0020866096019744873,0.9984563589096069,-0.2817380726337433,343.0
-0.05560151860117912,0.0018511597299948335,0.9984513521194458,-0.2817186117172241,347.0
-0.05536999553442001,0.0015115576097741723,0.998464822769165,-0.2817392945289612,341.0
-0.05563466623425484,0.0019889299292117357,0.9984492063522339,-0.28172871470451355,350.0
-0.055467769503593445,0.0013136735651642084,0.9984596371650696,-0.2817353904247284,342.0
-0.05521266534924507,0.0016348670469596982,0.9984732270240784,-0.28175055980682373,339.0
-0.055393610149621964,0.001905601704493165,0.9984626770019531,-0.28175145387649536,343.0
-0.047668714076280594,0.000971612986177206,0.9988627433776855,-0.2818957567214966,329.0
-0.04776502773165703,0.0015945745399221778,0.9988572597503662,-0.2818644940853119,333.0
-0.0476829819381237,0.00019259653345216066,0.9988625645637512,-0.2818703055381775,330.0
-0.04759639501571655,0.0011007061693817377,0.998866081237793,-0.28189417719841003,331.0
-0.04761926084756851,0.0010971460724249482,0.9988649487495422,-0.28185755014419556,326.0
-0.0476454421877861,0.000926463573705405,0.9988638758659363,-0.281862735748291,330.0
-0.04768313094973564,0.0006585455848835409,0.9988623857498169,-0.2818645238876343,332.0
-0.047704171389341354,0.001009424333460629,0.9988609552383423,-0.28183090686798096,327.0
-0.0475851446390152,0.0012957295402884483,0.9988663792610168,-0.28187379240989685,328.0
-0.04787599667906761,0.0007796149584464729,0.9988529682159424,-0.28183650970458984,328.0
-0.04764438420534134,0.0008845850825309753,0.9988639950752258,-0.28186190128326416,328.0
-0.04756277799606323,0.0017791655845940113,0.9988667368888855,-0.281880259513855,334.0
-0.04765165224671364,0.001180662540718913,0.9988633394241333,-0.28187793493270874,328.0
-0.0476934015750885,0.0012050596997141838,0.9988613128662109,-0.28185680508613586,327.0
-0.04773544520139694,0.0010196153307333589,0.9988594651222229,-0.2818536162376404,328.0
-0.04772820696234703,0.0011880345409736037,0.9988596439361572,-0.28186020255088806,326.0
-0.047626469284296036,0.0005149042699486017,0.9988650679588318,-0.281848281621933,327.0
-0.04763718321919441,0.0007260856800712645,0.9988644123077393,-0.28187742829322815,333.0
-0.04797011986374855,0.0002015002683037892,0.9988487958908081,-0.281872421503067,334.0
-0.04774533957242966,0.0008190085645765066,0.998859167098999,-0.28185832500457764,332.0
-0.0506257638335228,0.00113040825817734,0.9987170696258545,-0.28061336278915405,338.0
-0.050528764724731445,0.0007020054617896676,0.99872225522995,-0.2806260585784912,331.0
-0.05058930069208145,0.0005506887682713568,0.9987193942070007,-0.280606746673584,336.0
-0.05044453591108322,0.0007590476889163256,0.9987265467643738,-0.28061753511428833,333.0
-0.050456881523132324,0.0004097946803085506,0.9987261295318604,-0.28061527013778687,338.0
-0.050586193799972534,0.0012350303586572409,0.9987189769744873,-0.2805940508842468,335.0
-0.05043499171733856,0.000744141754694283,0.9987270832061768,-0.2806209623813629,334.0
-0.05068041756749153,0.0010153804905712605,0.9987144470214844,-0.28057608008384705,341.0
-0.05051826685667038,0.0012345978757366538,0.9987223744392395,-0.280581533908844,336.0
-0.05050137639045715,0.000662964244838804,0.9987238049507141,-0.2806110382080078,338.0
-0.05051574110984802,0.0012781789992004633,0.9987224340438843,-0.2806352972984314,334.0
-0.05065533518791199,0.0009752704063430429,0.9987157583236694,-0.2806012034416199,340.0
-0.05056561157107353,0.0010136945638805628,0.9987202286720276,-0.2806093394756317,336.0
-0.050493087619543076,0.0013010980328544974,0.9987235069274902,-0.28061753511428833,337.0
-0.05026228353381157,0.001882639480754733,0.9987342953681946,-0.2806721031665802,337.0
-0.05047323927283287,0.0012244336539879441,0.9987246990203857,-0.28062382340431213,334.0
-0.05060601606965065,0.000719115836545825,0.9987183809280396,-0.28061434626579285,340.0
-0.05057049170136452,0.0009136291337199509,0.998720109462738,-0.28063347935676575,332.0
-0.05054295063018799,0.0010176926152780652,0.9987213611602783,-0.28060439229011536,335.0
-0.050591789186000824,0.0006010310025885701,0.9987192153930664,-0.2806049585342407,337.0
-0.04515153542160988,0.0014556978130713105,0.9989790916442871,-0.2784188985824585,350.0
-0.04521435871720314,0.0027522877790033817,0.998973548412323,-0.27842625975608826,353.0
-0.045268021523952484,0.0024794067721813917,0.9989718198776245,-0.2784217596054077,353.0
-0.04519040882587433,0.0014321671333163977,0.9989773631095886,-0.2784114480018616,352.0
-0.0452861487865448,0.0023051491007208824,0.9989713430404663,-0.2784155011177063,352.0
-0.04530908167362213,0.001523054321296513,0.9989718794822693,-0.2784070074558258,351.0
-0.04516877979040146,0.0014813828747719526,0.998978316783905,-0.27840855717658997,353.0
-0.045349664986133575,0.0011062711710110307,0.9989705085754395,-0.2784016728401184,350.0
-0.04499037191271782,0.0020512326154857874,0.9989852905273438,-0.2784171402454376,350.0
-0.045054711401462555,0.0023879169020801783,0.9989816546440125,-0.27845674753189087,350.0
-0.04512697085738182,0.001757261692546308,0.9989796876907349,-0.2783903181552887,353.0
-0.045162007212638855,0.0010232533095404506,0.9989790916442871,-0.27841731905937195,351.0
-0.04514392837882042,0.0021007785107940435,0.9989782571792603,-0.27840104699134827,350.0
-0.0451071634888649,0.002155116992071271,0.9989798665046692,-0.2784307897090912,350.0
-0.04513121023774147,0.002124308841302991,0.9989787936210632,-0.27843305468559265,349.0
-0.04503981024026871,0.0018269651336595416,0.9989835619926453,-0.27845555543899536,349.0
-0.045180775225162506,0.001573466695845127,0.9989776015281677,-0.2784118950366974,344.0
-0.04529459774494171,0.0023859033826738596,0.9989708065986633,-0.27842214703559875,346.0
-0.045091524720191956,0.0021615682635456324,0.9989805221557617,-0.2784276604652405,349.0
-0.04528025537729263,0.0005708158132620156,0.9989741444587708,-0.27841266989707947,354.0
-0.04761135205626488,0.0009767045266926289,0.9988654255867004,-0.27641192078590393,341.0
-0.047691382467746735,0.0007492285803891718,0.9988617897033691,-0.27641284465789795,349.0
-0.047526586800813675,-0.00046123567153699696,0.9988698959350586,-0.27640974521636963,349.0
-0.047808337956666946,0.0014273342676460743,0.9988555312156677,-0.27639713883399963,342.0
-0.04780474305152893,0.0012143927160650492,0.9988560080528259,-0.2764163315296173,346.0
-0.04780134558677673,0.0019352497765794396,0.9988549947738647,-0.2763824462890625,343.0
-0.047587018460035324,0.001775055774487555,0.99886554479599,-0.27638131380081177,342.0
-0.04750983789563179,0.000724209297914058,0.9988704919815063,-0.2764274775981903,349.0
-0.04783930629491806,0.0011508153984323144,0.998854398727417,-0.2764212191104889,342.0
-0.04779115319252014,0.0008240227471105754,0.9988570213317871,-0.2763915956020355,347.0
-0.04788297414779663,0.0011842913227155805,0.9988522529602051,-0.27639174461364746,344.0
-0.047533128410577774,0.0012573465937748551,0.9988688230514526,-0.2764139175415039,346.0
-0.04769767448306084,0.0005388270947150886,0.9988617300987244,-0.2763995826244354,349.0
-0.04779917374253273,0.0008017769432626665,0.9988566637039185,-0.2764147222042084,343.0
-0.04776623472571373,0.0006655105389654636,0.9988583326339722,-0.2764184772968292,345.0
-0.04760148003697395,0.0014339309418573976,0.9988653659820557,-0.27642157673835754,345.0
-0.047842420637607574,0.0016185455024242401,0.9988535642623901,-0.276416152715683,343.0
-0.047701332718133926,0.0017516366206109524,0.9988601207733154,-0.2764289379119873,345.0
-0.04762671887874603,0.0012905558105558157,0.9988642930984497,-0.27639514207839966,349.0
-0.04778599739074707,0.0023876894265413284,0.9988547563552856,-0.27643364667892456,350.0
-0.05865656957030296,0.001290496438741684,0.9982774257659912,-0.27557826042175293,344.0
-0.05849028006196022,0.0006999887991696596,0.9982876777648926,-0.2755667269229889,336.0
-0.05857913941144943,0.0012965048663318157,0.9982820153236389,-0.27556949853897095,342.0
-0.05866032466292381,0.0015385167207568884,0.9982768297195435,-0.2755654454231262,342.0
-0.05859726294875145,0.0012131318217143416,0.998280942440033,-0.2755824625492096,340.0
-0.05849432572722435,0.00041302756289951503,0.9982876181602478,-0.2755793035030365,340.0
-0.0586404949426651,0.0015920954756438732,0.9982778429985046,-0.27555131912231445,340.0
-0.05850142613053322,0.0011521561536937952,0.9982867240905762,-0.2755950391292572,342.0
-0.05854190140962601,0.0006788164027966559,0.9982847571372986,-0.2755568325519562,337.0
-0.05864853784441948,0.0014337798347696662,0.9982776045799255,-0.2755861282348633,339.0
-0.05843863636255264,0.0010947282426059246,0.9982903599739075,-0.2755884528160095,340.0
-0.058737922459840775,0.0010329062351956964,0.9982728958129883,-0.275535523891449,336.0
-0.05857451632618904,0.001854590722359717,0.9982813000679016,-0.27557051181793213,342.0
-0.05854418873786926,0.001613700296729803,0.9982835054397583,-0.27556943893432617,348.0
-0.05858294665813446,0.0014920131070539355,0.9982814788818359,-0.2755769193172455,340.0
-0.058660250157117844,0.0009093722328543663,0.9982776045799255,-0.2755858898162842,343.0
-0.058821454644203186,0.0019975067116320133,0.9982665777206421,-0.27554458379745483,341.0
-0.05860111117362976,0.0007485368987545371,0.9982811808586121,-0.2755933701992035,341.0
-0.05874420329928398,0.0013128856662660837,0.998272180557251,-0.27559757232666016,339.0
-0.058627065271139145,0.0009022580925375223,0.9982795119285583,-0.2755679190158844,343.0
-0.048022907227277756,0.0013369048247113824,0.9988453388214111,-0.27592405676841736,350.0
-0.04823586344718933,0.0010248228209093213,0.9988354444503784,-0.2758915424346924,348.0
-0.04805208370089531,0.0014602888841181993,0.998843789100647,-0.2759339213371277,341.0
-0.04799488186836243,0.0024099559523165226,0.9988446831703186,-0.2759319543838501,345.0
-0.04804907739162445,0.001168249174952507,0.9988442659378052,-0.2758903205394745,343.0
-0.04793880134820938,0.001993698999285698,0.9988482594490051,-0.275910347700119,344.0
-0.04789421707391739,0.002086976310238242,0.9988502264022827,-0.2759155035018921,342.0
-0.047704678028821945,0.0014716275036334991,0.9988604187965393,-0.2759404182434082,345.0
-0.0478048138320446,0.0009171779965981841,0.998856246471405,-0.2759009897708893,343.0
-0.0479314811527729,0.0011196713894605637,0.9988499879837036,-0.27592459321022034,347.0
-0.04835790768265724,0.002200462855398655,0.9988276958465576,-0.27590516209602356,347.0
-0.04817252606153488,0.0014766197418794036,0.998837947845459,-0.27590134739875793,340.0
-0.048127610236406326,0.0014249508967623115,0.9988401532173157,-0.27590879797935486,348.0
-0.04812595248222351,0.001772912684828043,0.9988397359848022,-0.2758885324001312,346.0
-0.047845158725976944,0.0011599685531109571,0.9988541007041931,-0.2759203314781189,340.0
-0.04791998490691185,0.000904902524780482,0.9988507628440857,-0.2759198248386383,344.0
-0.04801890254020691,0.0013965576654300094,0.9988453984260559,-0.2759090065956116,347.0
-0.04822062328457832,0.0013751945225521922,0.9988357424736023,-0.27589482069015503,346.0
-0.04812644422054291,0.0009482804453000426,0.9988408088684082,-0.2758848965167999,348.0
-0.047875337302684784,0.00145444693043828,0.9988522529602051,-0.2759020924568176,345.0
-0.03991026431322098,4.992316826246679e-05,0.9992032647132874,-0.27541619539260864,354.0
-0.040186814963817596,0.0005628132494166493,0.9991920590400696,-0.27541986107826233,357.0
-0.04001489654183388,0.0013296568067744374,0.9991982579231262,-0.27542975544929504,360.0
-0.0396537259221077,0.0008029619930312037,0.9992131590843201,-0.2753836512565613,359.0
-0.04018837586045265,0.0016326310578733683,0.9991908073425293,-0.2753903865814209,361.0
-0.039854392409324646,0.00042336565093137324,0.9992054104804993,-0.27539846301078796,357.0
-0.04013209044933319,0.000568803574424237,0.9991942048072815,-0.2754209041595459,353.0
-0.04003416374325752,0.0009605098166503012,0.999197781085968,-0.27540621161460876,362.0
-0.040087249130010605,0.0009164719376713037,0.9991957545280457,-0.2754179537296295,364.0
-0.0398426316678524,0.0010595869971439242,0.9992054104804993,-0.27541184425354004,363.0
-0.040037255734205246,0.000351946335285902,0.9991980791091919,-0.275418758392334,351.0
-0.04013989865779877,0.0006456826813519001,0.9991938471794128,-0.2753871977329254,357.0
-0.03999748453497887,0.0012799613177776337,0.9991989135742188,-0.2754196524620056,356.0
-0.04001973196864128,0.0009322675177827477,0.9991984367370605,-0.27539926767349243,356.0
-0.03995444253087044,0.0009072527172975242,0.9992011189460754,-0.27543288469314575,361.0
-0.040176425129175186,0.0011088999453932047,0.9991920590400696,-0.2753615081310272,358.0
-0.04008449614048004,0.002171883126720786,0.9991939067840576,-0.2753918170928955,354.0
-0.04006515070796013,0.001284048892557621,0.9991962909698486,-0.2753804624080658,353.0
-0.0400950089097023,0.00016823719488456845,0.9991958737373352,-0.2754146158695221,353.0
-0.040055811405181885,0.0008119723061099648,0.9991971254348755,-0.27537286281585693,353.0
-0.04004646837711334,0.0024588173255324364,0.9991948008537292,-0.2734721899032593,347.0
-0.03995969146490097,0.0020538766402751207,0.9991991519927979,-0.2734531760215759,350.0
-0.040049970149993896,0.0026960019022226334,0.9991940259933472,-0.2734440863132477,344.0
-0.040089961141347885,0.002685493789613247,0.9991925358772278,-0.2734770178794861,352.0
-0.040120527148246765,0.0026852686423808336,0.9991912245750427,-0.2734535336494446,350.0
-0.040069229900836945,0.002080010250210762,0.9991947412490845,-0.27347734570503235,348.0
-0.04020654782652855,0.0024791681207716465,0.9991883039474487,-0.27347227931022644,352.0
-0.04003677889704704,0.0016664861468598247,0.9991967678070068,-0.2734595835208893,354.0
-0.04013173282146454,0.002447684295475483,0.999191403388977,-0.27345147728919983,351.0
-0.03996003791689873,0.002274159574881196,0.9991986155509949,-0.273456871509552,353.0
-0.03998928517103195,0.0021535346750169992,0.999197781085968,-0.27345144748687744,348.0
-0.04001222923398018,0.0025605405680835247,0.9991958141326904,-0.2734542191028595,341.0
-0.03988431766629219,0.0021358123049139977,0.9992020130157471,-0.27347293496131897,352.0
-0.040065497159957886,0.0020297113806009293,0.9991949796676636,-0.2734452486038208,346.0
-0.039905451238155365,0.0020862289238721132,0.9992012977600098,-0.273457795381546,346.0
-0.04001613333821297,0.001766221015714109,0.9991974830627441,-0.27347999811172485,351.0
-0.04008546844124794,0.0027502276934683323,0.9991924166679382,-0.2734319865703583,344.0
-0.039983805269002914,0.002165264915674925,0.9991979598999023,-0.2734464108943939,350.0
-0.04004991054534912,0.0017059198580682278,0.9991962313652039,-0.27346327900886536,347.0
-0.04008950665593147,0.0025064826477319,0.9991929531097412,-0.2734459340572357,343.0
-0.04831784591078758,0.0031694432254880667,0.9988269805908203,-0.2730283737182617,343.0
-0.04836312681436539,0.0030679975170642138,0.9988250732421875,-0.27304205298423767,344.0
-0.04836452007293701,0.004038233309984207,0.9988216161727905,-0.2730237543582916,339.0
-0.04822798818349838,0.0033369960729032755,0.9988307952880859,-0.2730705440044403,342.0
-0.04828523099422455,0.0031203802209347486,0.9988287091255188,-0.27304327487945557,339.0
-0.048354122787714005,0.004156614188104868,0.9988216757774353,-0.2730320692062378,345.0
-0.04838879406452179,0.0030621844343841076,0.998823881149292,-0.2730502188205719,339.0
-0.04835166037082672,0.003698974847793579,0.9988235235214233,-0.2730144262313843,341.0
-0.04824240505695343,0.003408759832382202,0.9988298416137695,-0.27305370569229126,344.0
-0.048147499561309814,0.003455171827226877,0.9988342523574829,-0.2730334401130676,345.0
-0.04840666428208351,0.0039123836904764175,0.9988200664520264,-0.27303269505500793,338.0
-0.04852050915360451,0.003409771015867591,0.9988163709640503,-0.27306684851646423,339.0
-0.048563845455646515,0.003028743201866746,0.9988154768943787,-0.27303919196128845,344.0
-0.04843908175826073,0.0035458211787045,0.998819887638092,-0.2730434238910675,347.0
-0.0482395701110363,0.0030264612287282944,0.9988312721252441,-0.27303948998451233,340.0
-0.04840172082185745,0.00388025282882154,0.998820424079895,-0.27303218841552734,341.0
-0.04831543192267418,0.0036823886912316084,0.9988253116607666,-0.27304336428642273,343.0
-0.048104602843523026,0.0032931757159531116,0.9988368153572083,-0.27304208278656006,343.0
-0.04838285967707634,0.0033172594849020243,0.998823344707489,-0.2730189859867096,338.0
-0.048309870064258575,0.00377250905148685,0.9988252520561218,-0.2730553448200226,340.0
-0.057324737310409546,0.0025791858788579702,0.9983522295951843,-0.2723675072193146,327.0
-0.057224731892347336,0.0022524776868522167,0.9983587861061096,-0.2723488509654999,333.0
-0.057190779596567154,0.0033229216933250427,0.9983577728271484,-0.2723936438560486,334.0
-0.05724700912833214,0.002662359271198511,0.9983565211296082,-0.27237415313720703,335.0
-0.05721566453576088,0.0025802806485444307,0.9983585476875305,-0.2723855674266815,331.0
-0.05720452964305878,0.0021113089751452208,0.998360276222229,-0.2723660469055176,332.0
-0.05724816769361496,0.0027493354864418507,0.9983561635017395,-0.27236151695251465,332.0
-0.05711561068892479,0.0023555392399430275,0.9983648061752319,-0.27237260341644287,334.0
-0.056995246559381485,0.002250456251204014,0.9983718991279602,-0.27237793803215027,335.0
-0.05707274377346039,0.0026951939798891544,0.9983664155006409,-0.2723797857761383,331.0
-0.0571286603808403,0.003088155295699835,0.9983620643615723,-0.2723942995071411,334.0
-0.05722539871931076,0.0028387841302901506,0.9983572363853455,-0.272382915019989,333.0
-0.05724037066102028,0.0030708301346749067,0.9983556866645813,-0.27237045764923096,334.0
-0.05723376199603081,0.002035668818280101,0.9983587265014648,-0.2723860442638397,331.0
-0.05719209089875221,0.0023429705761373043,0.9983604550361633,-0.2723841965198517,332.0
-0.05706654489040375,0.0022360836155712605,0.9983679056167603,-0.27237871289253235,332.0
-0.05709921941161156,0.002329020295292139,0.9983658194541931,-0.2723734974861145,329.0
-0.05711744353175163,0.0013707630569115281,0.9983665347099304,-0.27238577604293823,332.0
-0.0570843331515789,0.002737525850534439,0.998365581035614,-0.2723761796951294,334.0
-0.05699555203318596,0.0030806974973529577,0.9983696937561035,-0.27241235971450806,334.0
-0.07147561758756638,0.0035410989075899124,0.997435986995697,-0.27166813611984253,317.0
-0.0715005025267601,0.003735608421266079,0.9974334836006165,-0.27168816328048706,318.0
-0.07137501239776611,0.0031733259093016386,0.9974445104598999,-0.2716774642467499,313.0
-0.07159649580717087,0.0038215212989598513,0.9974263906478882,-0.27166298031806946,316.0
-0.07135367393493652,0.0031562349759042263,0.9974460601806641,-0.27168747782707214,319.0
-0.07144350558519363,0.0035765974316745996,0.9974381923675537,-0.2716748118400574,315.0
-0.07122852653265,0.0033731430303305387,0.9974542856216431,-0.27171438932418823,317.0
-0.07129871100187302,0.0035937365610152483,0.9974485635757446,-0.2716761827468872,317.0
-0.0713304877281189,0.0030049129854887724,0.9974481463432312,-0.2717033922672272,315.0
-0.07154300063848495,0.0037674850318580866,0.9974303841590881,-0.2716900408267975,318.0
-0.0713694766163826,0.0037380275316536427,0.997442901134491,-0.27168187499046326,315.0
-0.07157331705093384,0.0030617357697337866,0.997430682182312,-0.271668016910553,318.0
-0.07121104747056961,0.002963300794363022,0.9974569082260132,-0.27168431878089905,319.0
-0.07126377522945404,0.0035501974634826183,0.9974511861801147,-0.27167269587516785,315.0
-0.07147178053855896,0.003670037491247058,0.9974358677864075,-0.2716708183288574,316.0
-0.07129339873790741,0.003290095366537571,0.9974499940872192,-0.2716560661792755,316.0
-0.0713750496506691,0.0035663903690874577,0.9974432587623596,-0.2716943025588989,319.0
-0.07137133926153183,0.0032669547945261,0.9974443912506104,-0.271682471036911,313.0
-0.07163792103528976,0.0036075941752642393,0.9974241852760315,-0.2716729938983917,316.0
-0.07141534239053726,0.0032037501223385334,0.9974414706230164,-0.2716673016548157,320.0
-0.0730431005358696,0.003701189300045371,0.9973219037055969,-0.27068206667900085,314.0
-0.07304313778877258,0.0036773220635950565,0.9973220825195312,-0.2706819176673889,313.0
-0.07311840355396271,0.0033665518276393414,0.9973175525665283,-0.27068987488746643,312.0
-0.07314781844615936,0.003450059797614813,0.9973151683807373,-0.27070310711860657,318.0
-0.07317467033863068,0.0035730935633182526,0.9973128437995911,-0.27068445086479187,313.0
-0.0731637254357338,0.003678916022181511,0.9973131418228149,-0.2706562280654907,312.0
-0.07287512719631195,0.003935878165066242,0.9973333477973938,-0.27069011330604553,311.0
-0.07305030524730682,0.0038155026268213987,0.9973209500312805,-0.2706783413887024,310.0
-0.07313334941864014,0.003135192673653364,0.9973172545433044,-0.27068132162094116,314.0
-0.07341323792934418,0.003831651760265231,0.9972942471504211,-0.2706606984138489,315.0
-0.07329592108726501,0.0041581145487725735,0.9973015785217285,-0.27065423130989075,311.0
-0.07316042482852936,0.003603425808250904,0.9973137378692627,-0.2706679105758667,313.0
-0.07313374429941177,0.0037971690762788057,0.9973148703575134,-0.2706588804721832,311.0
-0.0732579380273819,0.003625298850238323,0.9973064064979553,-0.27066537737846375,314.0
-0.07308105379343033,0.0036687070969492197,0.9973192811012268,-0.2706717848777771,314.0
-0.07329690456390381,0.004277856554836035,0.9973009824752808,-0.270671010017395,310.0
-0.07320462912321091,0.0030803303234279156,0.9973121285438538,-0.2706652879714966,313.0
-0.07311730831861496,0.004140645731240511,0.9973147511482239,-0.2706797420978546,316.0
-0.07327055931091309,0.004009353928267956,0.9973040819168091,-0.2706618905067444,309.0
-0.0732596293091774,0.0036230231635272503,0.9973063468933105,-0.270673543214798,314.0
-0.07742390781641006,0.003342629177495837,0.9969926476478577,-0.2689109146595001,328.0
-0.0774598941206932,0.0033315110486000776,0.996989905834198,-0.2688755393028259,330.0
-0.07760259509086609,0.0032139099203050137,0.9969791769981384,-0.26890674233436584,330.0
-0.07768135517835617,0.0025254394859075546,0.9969750642776489,-0.26888445019721985,330.0
-0.07749786227941513,0.004004552960395813,0.9969844222068787,-0.26890531182289124,327.0
-0.07759217917919159,0.003498877165839076,0.9969789981842041,-0.26889169216156006,327.0
-0.07754455506801605,0.0034320508129894733,0.996982991695404,-0.26889240741729736,327.0
-0.07755668461322784,0.0032649936620146036,0.9969826340675354,-0.26889488101005554,328.0
-0.07751332223415375,0.003426153212785721,0.9969854354858398,-0.26891255378723145,331.0
-0.07748369872570038,0.0039041275158524513,0.9969859719276428,-0.26889723539352417,329.0
-0.0773141011595726,0.0034285709261894226,0.9970008730888367,-0.268917053937912,330.0
-0.07756246626377106,0.0036447083111852407,0.9969808459281921,-0.26890137791633606,330.0
-0.07742519676685333,0.003796180710196495,0.9969909191131592,-0.2689259350299835,332.0
-0.07745357602834702,0.0036414130590856075,0.996989369392395,-0.26892057061195374,329.0
-0.07759406417608261,0.0035870566498488188,0.9969785809516907,-0.26891058683395386,330.0
-0.0775240883231163,0.0036673564463853836,0.9969837665557861,-0.26889386773109436,328.0
-0.07745252549648285,0.0034873895347118378,0.996989905834198,-0.2689073085784912,331.0
-0.07758668810129166,0.0034498032182455063,0.9969796538352966,-0.2688874304294586,328.0
-0.07753860950469971,0.003462660824880004,0.9969833493232727,-0.2689007818698883,327.0
-0.07749438285827637,0.0033907450269907713,0.996986985206604,-0.26890313625335693,327.0
-0.0811714231967926,0.003257157513871789,0.996694803237915,-0.2686189115047455,328.0
-0.08095697313547134,0.002237423323094845,0.9967150688171387,-0.268643319606781,322.0
-0.08095579594373703,0.003601992502808571,0.9967111349105835,-0.2686268091201782,324.0
-0.08087645471096039,0.0034606182016432285,0.996718168258667,-0.26861855387687683,326.0
-0.08108603209257126,0.0032901002559810877,0.9967016577720642,-0.26860812306404114,320.0
-0.08113592118024826,0.003258671145886183,0.9966977834701538,-0.2686091959476471,329.0
-0.0811535194516182,0.003874458372592926,0.9966940879821777,-0.2686159014701843,326.0
-0.08114250749349594,0.0036779448855668306,0.9966957569122314,-0.26863154768943787,325.0
-0.08129323273897171,0.0033565557096153498,0.9966845512390137,-0.2686164379119873,324.0
-0.08125869184732437,0.003381802001968026,0.9966872930526733,-0.26861006021499634,322.0
-0.0811934545636177,0.003374634077772498,0.9966926574707031,-0.2686198949813843,322.0
-0.08130929619073868,0.0030155759304761887,0.9966843724250793,-0.2686152458190918,323.0
-0.0810961052775383,0.0031194209586828947,0.9967014193534851,-0.2686276435852051,321.0
-0.08129730820655823,0.003061548573896289,0.9966852068901062,-0.2686230540275574,326.0
-0.08118704706430435,0.0037950414698570967,0.9966917037963867,-0.268620103597641,325.0
-0.08109269291162491,0.00395036768168211,0.9966987371444702,-0.2686167359352112,325.0
-0.08114846050739288,0.0035317561123520136,0.9966957569122314,-0.2686236798763275,323.0
-0.08127012103796005,0.004104448016732931,0.9966837167739868,-0.2686139643192291,323.0
-0.08115435391664505,0.0038677104748785496,0.9966940879821777,-0.26862671971321106,321.0
-0.08119967579841614,0.003312403103336692,0.9966923594474792,-0.26862385869026184,322.0
-0.07208754122257233,0.0035553877241909504,0.9973918795585632,-0.2701687514781952,313.0
-0.07208961248397827,0.0025114035233855247,0.9973949790000916,-0.27017199993133545,319.0
-0.07210136204957962,0.002545687137171626,0.9973940849304199,-0.2701641917228699,315.0
-0.07217561453580856,0.0026719362940639257,0.9973883628845215,-0.2701690196990967,317.0
-0.07209011167287827,0.0027379835955798626,0.9973943829536438,-0.27018576860427856,312.0
-0.0721743106842041,0.002637791447341442,0.997388482093811,-0.27017512917518616,315.0
-0.07233013957738876,0.003511254210025072,0.9973745346069336,-0.2701610326766968,314.0
-0.0720837265253067,0.003077935194596648,0.9973938465118408,-0.2701626420021057,317.0
-0.07216586917638779,0.0032166598830372095,0.9973875284194946,-0.2701975703239441,319.0
-0.0723075345158577,0.0034061018377542496,0.9973765015602112,-0.2701683044433594,314.0
-0.07206439226865768,0.0032930271700024605,0.9973945617675781,-0.2701852321624756,315.0
-0.0722678080201149,0.0035406388342380524,0.997378945350647,-0.27016061544418335,314.0
-0.07215483486652374,0.003942968789488077,0.9973856806755066,-0.27020299434661865,318.0
-0.0721961259841919,0.002788536949083209,0.9973865151405334,-0.27016934752464294,309.0
-0.07201726734638214,0.0028059198521077633,0.9973993897438049,-0.27018818259239197,316.0
-0.07221488654613495,0.0037328682374209166,0.9973821640014648,-0.2701488137245178,314.0
-0.07210664451122284,0.0028201609384268522,0.9973929524421692,-0.27017369866371155,323.0
-0.07206516712903976,0.003312419867143035,0.9973945021629333,-0.2701509892940521,309.0
-0.07217787206172943,0.003352915868163109,0.9973862171173096,-0.2701537609100342,313.0
-0.07223949581384659,0.002937780460342765,0.9973829388618469,-0.2701670229434967,317.0
-0.07110582292079926,0.0023314752615988255,0.9974660873413086,-0.26891273260116577,320.0
-0.07120304554700851,0.0027233243454247713,0.9974581003189087,-0.268929660320282,317.0
-0.07114101946353912,0.002509435871616006,0.997463047504425,-0.2689085900783539,319.0
-0.0710928663611412,0.0027444183360785246,0.997465968132019,-0.26892200112342834,321.0
-0.0711534172296524,0.002073814393952489,0.9974632859230042,-0.26891183853149414,321.0
-0.07096516340970993,0.0029696535784751177,0.9974743723869324,-0.26892685890197754,318.0
-0.07128007709980011,0.003013812005519867,0.9974517822265625,-0.268930584192276,318.0
-0.0711045041680336,0.0032602576538920403,0.997463583946228,-0.2689192593097687,322.0
-0.07110779732465744,0.0029401553329080343,0.9974642992019653,-0.26893627643585205,327.0
-0.07114334404468536,0.0031778847333043814,0.9974610209465027,-0.26892247796058655,318.0
-0.07101443409919739,0.0029351531993597746,0.9974709749221802,-0.2689390778541565,316.0
-0.07116907089948654,0.002445144345983863,0.9974612593650818,-0.26893287897109985,320.0
-0.07108728587627411,0.0022586702834814787,0.9974675178527832,-0.2689293622970581,322.0
-0.07117193192243576,0.0027809080202132463,0.9974601864814758,-0.2689431309700012,323.0
-0.07124041765928268,0.003093079663813114,0.9974544048309326,-0.26892828941345215,320.0
-0.07118471711874008,0.003078652312979102,0.9974583983421326,-0.26893556118011475,320.0
-0.0711807832121849,0.002810104051604867,0.9974594712257385,-0.26891615986824036,319.0
-0.07123135030269623,0.002831377787515521,0.9974557161331177,-0.2689337432384491,326.0
-0.07123938947916031,0.003049332182854414,0.9974545836448669,-0.2689255475997925,321.0
-0.07132682204246521,0.002071159426122904,0.9974508881568909,-0.2689075469970703,320.0
-0.07805066555738449,0.0027483319863677025,0.9969456791877747,-0.26894399523735046,328.0
-0.07825884222984314,0.0027548002544790506,0.9969292283058167,-0.26893350481987,325.0
-0.0781954899430275,0.003032717853784561,0.9969334006309509,-0.2689807713031769,326.0
-0.07818590104579926,0.002472314517945051,0.9969357252120972,-0.26894819736480713,329.0
-0.07826545089483261,0.0022936584427952766,0.9969298839569092,-0.2689674496650696,330.0
-0.0781216025352478,0.002542416797950864,0.9969406127929688,-0.26895156502723694,328.0
-0.07813984900712967,0.002949005924165249,0.9969380497932434,-0.2689478099346161,328.0
-0.07819809019565582,0.002705553313717246,0.9969341158866882,-0.2689685821533203,330.0
-0.0781746357679367,0.0030983996111899614,0.9969348311424255,-0.26895636320114136,327.0
-0.07827875763177872,0.0030343495309352875,0.9969269037246704,-0.2689766585826874,331.0
-0.07823023945093155,0.0028786873444914818,0.996931254863739,-0.26897478103637695,331.0
-0.07806235551834106,0.0030209729447960854,0.9969438910484314,-0.2689676582813263,330.0
-0.07813870161771774,0.002626935252919793,0.9969390034675598,-0.2689029276371002,330.0
-0.07838518917560577,0.003607538528740406,0.9969165921211243,-0.26894745230674744,323.0
-0.07830158621072769,0.0023268123622983694,0.99692702293396,-0.26894518733024597,327.0
-0.07799234986305237,0.0016865083016455173,0.996952474117279,-0.2689458131790161,328.0
-0.07798897475004196,0.0025886259973049164,0.9969508051872253,-0.2689472436904907,327.0
-0.07811577618122101,0.003056184621527791,0.9969395995140076,-0.26897358894348145,325.0
-0.07823183387517929,0.002794531174004078,0.9969313144683838,-0.2689524292945862,325.0
-0.07814691960811615,0.003040444804355502,0.9969372153282166,-0.26894885301589966,323.0
-0.06584937125444412,0.0016453441930934787,0.9978282451629639,-0.2694089114665985,326.0
-0.06593581289052963,0.002563931280747056,0.9978204965591431,-0.2694419324398041,319.0
-0.06604458391666412,0.002224675612524152,0.9978142380714417,-0.2693861126899719,315.0
-0.06598135828971863,0.002502661431208253,0.9978176951408386,-0.2693990170955658,318.0
-0.06600911170244217,0.0029938651714473963,0.9978145360946655,-0.269415020942688,317.0
-0.0658179447054863,0.002422021934762597,0.9978287220001221,-0.269403338432312,315.0
-0.06585235148668289,0.0016054365551099181,0.9978280067443848,-0.269416868686676,322.0
-0.06591358780860901,0.002571453107520938,0.9978220462799072,-0.2694172263145447,316.0
-0.06600245088338852,0.001937379944138229,0.9978176355361938,-0.2694084942340851,321.0
-0.06589815765619278,0.0027201855555176735,0.9978227019309998,-0.269421249628067,318.0
-0.06593628972768784,0.0028263479471206665,0.9978199005126953,-0.269406795501709,317.0
-0.06587318331003189,0.0016977473860606551,0.9978265166282654,-0.26938384771347046,320.0
-0.06591994315385818,0.0024169806856662035,0.9978219866752625,-0.26942187547683716,318.0
-0.0658993050456047,0.002205825177952647,0.9978238940238953,-0.269387423992157,318.0
-0.06604718416929245,0.0021401739213615656,0.9978142380714417,-0.26941317319869995,325.0
-0.0660482719540596,0.0023174022790044546,0.9978137016296387,-0.2694314420223236,317.0
-0.06610426306724548,0.001928025158122182,0.9978108406066895,-0.269398033618927,324.0
-0.06590263545513153,0.0020854666363447905,0.9978238940238953,-0.26940813660621643,318.0
-0.06604143977165222,0.0029376347083598375,0.9978125095367432,-0.26942068338394165,316.0
-0.06588791310787201,0.002081609098240733,0.9978249073028564,-0.2694142758846283,320.0
